m_dot_h,m_dot_c,T_c_i,T_h_i,T_c_o,T_h_o,q_c,q_h,epsilon,lmtd,U_measured,delta_U_measured
0.04943642475776151,0.01865174527045031,12.8,46.8,34.2,38.7,1669.2342126298963,1673.8184694482882,0.6311403329032614,14.587472740036448,1554.477685043525,29.384242012776866
0.04943642475776151,0.018485211830535576,12.5,48.3,31.6,41.1,1476.5284772182258,1487.8386395095897,0.5376062962841321,19.824278577608084,1016.7510629530249,20.74931728907605
0.04943642475776151,0.018152144950706103,12.6,48.6,27.7,42.8,1146.275279776179,1198.5366818271712,0.4385679090571039,24.055499523438908,674.983481192669,16.85719034075236
0.04943642475776151,0.01865174527045031,12.7,48.4,20.8,44.8,631.8129496402879,743.9193197547955,0.26714934726064005,29.46384427727004,342.0523833614202,13.64668847839857
