L_hot,0.03
A,0.0004908738521234052
q_elec,14.399999999999999
q_elec_err,1.2059850745345069
T_1,65.13623046875
T_2,62.376220703125
T_3,59.486328125
T_4,55.167724609375
T_5,52.375244140625
T_6,25.684326171875
T_7,23.44384765625
T_8,21.30078125
V,12.0
I,1.2
Flow Rate,1.35
k_brass,151.415
L_34,0.015
L_56,0.015
L_45,0.015
R_c_hot,0.09808847861923226
R_c_cold,1.651721426752913
dT_cold,23.784788545241945
dT_hot,1.4124740921169443
